product_title,productImage,packSize,price,pricePerUnit
Tibaldi Maple Cured Streaky Bacon 200g ,https://www.aldi.com.au/fileadmin/_processed_/f/1/csm_W46_SUPER_SAVERS_MEAT_1x1__5ee7ec45de.jpg,200g,$3.99,$19.95 per kg
"Ready, Set…Cook! Free Range Marinated Chicken Wings 500g ",https://www.aldi.com.au/fileadmin/_processed_/f/c/csm_W46_SUPER_SAVERS_MEAT_1x1_2_262602e05f.jpg,500g,$5.99,$11.98 per kg
KRC Pork Cordon Bleu 480g ,https://www.aldi.com.au/fileadmin/_processed_/6/d/csm_W46_SUPER_SAVERS_MEAT_1x1_3_cd8e912565.jpg,480g,$8.99,$18.73 per kg
Bruemar Pork Belly Bites 600g ,https://www.aldi.com.au/fileadmin/_processed_/d/a/csm_W46_SUPER_SAVERS_MEAT_1x1_4_4fd8449a7f.jpg,600g,$12.99,$21.65 per kg
Ingham’s Chicken Burgers Jumbo 24pk/1.65kg ,https://www.aldi.com.au/fileadmin/_processed_/e/a/csm_W46_SUPER_SAVERS_MEAT_1x1_5_0b65ab492e.jpg,24pk,$11.99,$7.27 per kg
Specially Selected Gourmet Sausages 500g ,https://www.aldi.com.au/fileadmin/_processed_/0/0/csm_ALN3662_1x1_SSV-NOV-B2_228x628__138570d505.jpg,ea,$5.99,$11.98 per kg
The Fishmonger Fresh Tasmanian Salmon Fillets 4pk/460g ,https://www.aldi.com.au/fileadmin/_processed_/a/6/csm_ALN3662_1x1_SSV-NOV-B2_228x628_2_19f30e980e.jpg,4pk,$9.99,$21.72 per kg
Brooklea Strawberry Yogurt Squishy Super Size 150g ,https://www.aldi.com.au/fileadmin/_processed_/7/d/csm_ALN3662_1x1_SSV-NOV-B1_228x628__171f753822.jpg,150g,9949,66c per 100g
Brooklea Vanilla Yogurt Squishy Super Size 150g ,https://www.aldi.com.au/fileadmin/_processed_/3/f/csm_ALN3662_1x1_SSV-NOV-B1_228x628_2_f9b4862ff5.jpg,150g,c49,66c per 100g
Brooklea Blueberry Yogurt Squishy Super Size 150g ,https://www.aldi.com.au/fileadmin/_processed_/1/f/csm_ALN3662_1x1_SSV-NOV-B1_228x628_3_746474e66d.jpg,150g,9949,66c per 100g
Yopro Vanilla Yogurt Pouch 150g ,https://www.aldi.com.au/fileadmin/_processed_/b/b/csm_ALN3662_1x1_SSV-NOV-B1_228x628_4_a544d01c82.jpg,150g,c99,99c per 100g
Yopro Mango Yogurt Pouch 150g ,https://www.aldi.com.au/fileadmin/_processed_/1/4/csm_ALN3662_1x1_SSV-NOV-B1_228x628_5_934b6191a4.jpg,150g,9999,99c per 100g
Monarch Indulge Gourmet Ice Cream Cookies 4pk/560ml – Assorted Flavours  ,https://www.aldi.com.au/fileadmin/_processed_/1/8/csm_ALN3662_1x1_SSV-NOV-B1_228x628_6_d8ae197a7b.jpg,ea,c99,62c per 100ml
Indulge Gourmet Ice Cream 1L – Vanilla Bean ,https://www.aldi.com.au/fileadmin/_processed_/d/b/csm_ALN3662_1x1_SSV-NOV-B1_228x628_7_2027d400c9.jpg,1L,$1.99,40c per 100ml
"Indulge Gourmet Ice Cream 1L – Coffee Mocha, Belgian Chocolate or White Choc Raspberry ",https://www.aldi.com.au/fileadmin/_processed_/e/6/csm_ALN3662_1x1_SSV-NOV-B1_228x628_8_c8d254514d.jpg,ea,$1.99,40c per 100ml
Indulge Gourmet Ice Cream 1L – Cookies & Cream ,https://www.aldi.com.au/fileadmin/_processed_/5/3/csm_ALN3662_1x1_SSV-NOV-B1_228x628_9_56a88ea20f.jpg,1L,$3.99,40c per 100ml
Streets Family Classic Value Pack 20pk/1.75L ,https://www.aldi.com.au/fileadmin/_processed_/a/4/csm_ALN3662_1x1_SSV-NOV-B1_228x628_10_e0484f86eb.jpg,20pk,$3.99,97c per 100ml
Milfina Summer Delight 6pk/540ml – Caramel  ,https://www.aldi.com.au/fileadmin/_processed_/3/7/csm_ALN3662_1x1_SSV-NOV-B1_228x628_11_e6de4aae73.jpg,6pk,$3.99,74c per 100ml
Emporium Selection Persian Fetta 180g ,https://www.aldi.com.au/fileadmin/_processed_/1/5/csm_ALN3662_1x1_SSV-NOV-B1_228x628_12_9162bd29f3.jpg,180g,$3.49,$16.61 per kg
LACURA,https://www.aldi.com.au/fileadmin/_processed_/7/d/csm_ALN1075_SKIN_CARE_UPDATE_1x1_228x128_6_2dac99110b.jpg,30pk,$4.99,$9.98 per 100ml
Snackers Market Little Pickers Cubed Tasty Cheese & Pretzels 40g ,https://www.aldi.com.au/fileadmin/_processed_/6/9/csm_ALN3662_1x1_SSV-NOV-B1_228x628_13_ffaa28cfb8.jpg,40g,$16.99,$24.75 per kg
Westacre Snack ’n’ Go 40g/50g ,https://www.aldi.com.au/fileadmin/_processed_/0/f/csm_ALN3662_1x1_SSV-NOV-B1_228x628_14_47bb36f037.jpg,ea,$3.99,$24.75/$19.80 per kg
Snackers Market Little Pickers Cubed Tasty Cheese & Mini Crackers 35g  ,https://www.aldi.com.au/fileadmin/_processed_/5/0/csm_ALN3662_1x1_SSV-NOV-B1_228x628_15_53a26d93bb.jpg,35g,$2.49,$28.29 per kg
Westacre Cream Cheese Block 250g ,https://www.aldi.com.au/fileadmin/_processed_/8/2/csm_ALN3662_1x1_SSV-NOV-B1_228x628_16_b7a7e637de.jpg,250g,9999,$7.96 per kg
Farmdale Evaporated Milk 384ml/385ml ,https://www.aldi.com.au/fileadmin/_processed_/6/a/csm_ALN3662_1x1_SSV-NOV-B1_228x628_17_f9bd7df289.jpg,384ml,c99,$2.58 - $2.57 per litre
Farmdale Condensed Milk 397g ,https://www.aldi.com.au/fileadmin/_processed_/c/b/csm_ALN3662_1x1_SSV-NOV-B1_228x628_18_ba22fcee3d.jpg,397g,9949,25c per 100g
Deli Originals Fresh Topped Hommus 200g – Assorted Varieties ,https://www.aldi.com.au/fileadmin/_processed_/8/b/csm_ALN3662_1x1_SSV-NOV-B1_228x628_19_5d8be2bb8f.jpg,ea,c99,$1.00 per 100g
Deli Originals Fresh Multipack Hommus 3 x 65g ,https://www.aldi.com.au/fileadmin/_processed_/a/a/csm_ALN3662_1x1_SSV-NOV-B1_228x628_20_7e30a770b7.jpg,3pk,9999,76c per 100g
Snackers Market Dip and Crackers 65g – Hommus or Beetroot Hommus ,https://www.aldi.com.au/fileadmin/_processed_/8/0/csm_ALN3662_1x1_SSV-NOV-B1_228x628_21_775151a48e.jpg,ea,c99,$1.52 per 100g
Emporium Selection Bocconcini 200g ,https://www.aldi.com.au/fileadmin/_processed_/3/5/csm_ALN3662_1x1_SSV-NOV-B1_228x628_22_e2dfce5ace.jpg,200g,$1.49,$14.95 per kg
Pick’d Orange Juice With Pulp 2L ,https://www.aldi.com.au/fileadmin/_processed_/c/f/csm_ALN3662_1x1_SSV-NOV-B1_228x628_23_b5f2e37304.jpg,2L,9949,$2.00 per litre
 Essentials BB Cream SPF 15 50ml ,https://www.aldi.com.au/fileadmin/_processed_/7/d/csm_ALP0614_WEB_AUDIT_2Q_LACURA_1x1_128x228__7337596be1.jpg,ea,$3.79,$2.53 per 100ml
LACURA,https://www.aldi.com.au/fileadmin/_processed_/e/9/csm_ALP0614_WEB_AUDIT_2Q_LACURA_1x1_128x228_2_238ffd9714.jpg,ea $,$3.79,$2.53 per 100ml
 Essentials Purify Exfoliating Wash 150ml ,https://www.aldi.com.au/fileadmin/_processed_/1/6/csm_ALP0614_WEB_AUDIT_2Q_LACURA_1x1_128x228_3_41952414db.jpg,0.3g,$3.79,$2.53 per 100ml
Pick’d Fruitism Fruit Smoothie 1L – Assorted ,https://www.aldi.com.au/fileadmin/_processed_/1/c/csm_ALN3662_1x1_SSV-NOV-B1_228x628_24_5913839e1d.jpg,ea,c99,$3.49 per litre
World Kitchen Pork and Ginger Dumplings 300g ,https://www.aldi.com.au/fileadmin/_processed_/9/0/csm_ALN3662_1x1_SSV-NOV-B1_228x628_25_e7225e86e3.jpg,300g,9999,$1.66 per 100g
Blackstone Flavoured Popcorn 90g – Assorted Flavours ,https://www.aldi.com.au/fileadmin/_processed_/1/7/csm_ALN3662_1x1_SSV-NOV-B1_228x628_26_aa4291ae6f.jpg,ea,c49,$2.21 per 100g
Blackstone Purple Potato & Sweet Potato Chips 120g ,https://www.aldi.com.au/fileadmin/_processed_/3/6/csm_ALN3662_1x1_SSV-NOV-B1_228x628_27_8f1db2a059.jpg,120g,$1.49,$2.08 per 100g
Just Organic Corn Chips 200g ,https://www.aldi.com.au/fileadmin/_processed_/9/5/csm_ALN3662_1x1_SSV-NOV-B1_228x628_28_395c3c27ae.jpg,200g,$1.99,$1.00 per 100g
Expressi Coffee Capsule Machine ONE ,https://www.aldi.com.au/fileadmin/_processed_/b/7/csm_ALN3662_1x1_SSV-NOV-B1_228x628_29_f808646dd7.jpg,200g,9999,$2.50 per 100g
Nescafé Original 200g ,https://www.aldi.com.au/fileadmin/_processed_/1/4/csm_ALN3662_1x1_SSV-NOV-B1_228x628_30_fc561f63c1.jpg,750ml,c99,$2.99 per 100g
Yellowglen Chardonnay Pinot Noir & Prosecco NV 750ml ,https://www.aldi.com.au/fileadmin/_processed_/2/0/csm_ALN3662_1x1_SSV-NOV-B1_228x628_31_eed46ea727.jpg,750ml,$2.99,$18.09 per kg
Yellowglen Chardonnay Pinot Noir Prosecco & Rose NV 750ml ,https://www.aldi.com.au/fileadmin/_processed_/4/f/csm_ALN3662_1x1_SSV-NOV-B1_228x628_32_449b34fb4f.jpg,750ml,$3.99,$14.96/$11.50 per kg
El Toro Macho Superior Tempranillo and Bobal 750ml ,https://www.aldi.com.au/fileadmin/_processed_/9/c/csm_ALN3662_1x1_SSV-NOV-B1_228x628_33_c60e135579.jpg,750ml,$3.99,$19.95 per kg
"Coraggioso Nero d’Avola Sicily, Italy 750ml ",https://www.aldi.com.au/fileadmin/_processed_/b/e/csm_ALN3662_1x1_SSV-NOV-B1_228x628_34_e60c69e043.jpg,750ml,$4.99,$5.31 per kg
Loire Valley Sauvignon Blanc 750ml – Product of France ,https://www.aldi.com.au/fileadmin/_processed_/3/5/csm_ALN3662_1x1_SSV-NOV-B1_228x628_35_a8fef146e5.jpg,750ml,$1.99,$5.69 per kg
"Loire Valley Cabernet Franc Rosé 750ml –  IGP Loire Valley, France ",https://www.aldi.com.au/fileadmin/_processed_/1/4/csm_ALN3662_1x1_SSV-NOV-B1_228x628_36_05da8ea2af.jpg,6pk,$2.99,$7.11 per kg
Cape Cyan Natural Blonde Beer 6 x 330ml ,https://www.aldi.com.au/fileadmin/_processed_/6/2/csm_ALN3662_1x1_SSV-NOV-B1_228x628_37_ba41503b8e.jpg,ea,$1.99,$7.11 per kg
Damora Specialty Crackers 100g ,https://www.aldi.com.au/fileadmin/_processed_/8/0/csm_ALN3662_1x1_SSV-NOV-B1_228x628_38_9f6a0db7a2.jpg,ea,$69.99,80c per 100g
Emporium Selection Goat’s Cheese 110g ,https://www.aldi.com.au/fileadmin/_processed_/3/c/csm_ALN3662_1x1_SSV-NOV-B1_228x628_39_4cedffec44.jpg,ea,$4.99,80c per 100g
Emporium Selection Dutch Cheese 200g/260g ,https://www.aldi.com.au/fileadmin/_processed_/0/c/csm_ALN3662_1x1_SSV-NOV-B1_228x628_40_5b89fc5f2f.jpg,200g,$6.99,$19.90 per kg
Emporium Selection Smooth Blue Cheese 200g ,https://www.aldi.com.au/fileadmin/_processed_/e/b/csm_ALN3662_1x1_SSV-NOV-B1_228x628_41_8aecabad8a.jpg,375g,$6.99,$29.90 per kg
Dentitex Advanced Whitening Toothpaste ,https://www.aldi.com.au/fileadmin/_processed_/9/3/csm_ALN2364-7_HEALTH_1x1_228x128__d9c1a69508.jpg,140g,$1.99,$1.42 per 100g
Market Fare Corn Cobs 1kg ,https://www.aldi.com.au/fileadmin/_processed_/9/4/csm_ALN2853_AWARDS_FROZEN_FOOD_1x1_228x128__e655e9c06c.jpg,1kg,$2.49,see price in store*
Forresters Sensations Wasabi Peanuts 240g ,https://www.aldi.com.au/fileadmin/_processed_/3/f/csm_ALN3635_LTO_W44_1x1_228x128__887448a0aa.jpg,240g,$2.99,$12.46 per kg
Dentitex Sensitive Plus Whitening Toothpaste  ,https://www.aldi.com.au/fileadmin/_processed_/6/2/csm_ALN2364-7_HEALTH_1x1_228x128_5_684b45adc5.jpg,2pk,$4.49,$4.08 per 100g
Dentitex Interdental Pro Toothbrush 2pk ,https://www.aldi.com.au/fileadmin/_processed_/b/6/csm_ALN2853_HEALTH_1x1_228x128_4_5cb4d06f7a.jpg,2pk,$1.89,95c per unit
Dentitex Orbit Toothbrush 2pk ,https://www.aldi.com.au/fileadmin/_processed_/3/a/csm_ALN2364-7_HEALTH_1x1_228x128_3_e4b1c3337d.jpg,1L,$3.29,$1.65 per unit
Dentitex Mouthwash 1L Ultra Fresh or Tartar Control 1L ,https://www.aldi.com.au/fileadmin/_processed_/d/b/csm_ALN3498_AUG_SSV_DIGITAL_1x1_228x128_31_545b9de1d2.jpg,500ml,$4.19,42c per 100ml
Dentitex Mouthwash 500ml ,https://www.aldi.com.au/fileadmin/_processed_/7/1/csm_ALN3510_Q3_HEALTH_1x1_228x128_2_ccb4337aa7.jpg,ea,$3.49,70c per ml
Essential Health Paw Paw Ointment ,https://www.aldi.com.au/fileadmin/_processed_/9/0/csm_ALN2364-7_HEALTH_1x1_228x128_6_678cce7213.jpg,100ml,$2.39,$9.56 per 100g
Essential Health Eucalyptus Oil 100ml ,https://www.aldi.com.au/fileadmin/_processed_/f/b/csm_ALN3510_Q3_HEALTH_1x1_228x128_3_7dad452a16.jpg,24pk,$6.99,$6.99 per 100ml
Hedafen Ibuprofen 24pk ,https://www.aldi.com.au/fileadmin/_processed_/e/e/csm_ALN2364-7_HEALTH_1x1_228x128_7_5e19cb1d8b.jpg,20pk,$1.49,6c per tablet
Hedafen Ibuprofen Liquid Gel Capsules 20pk ,https://www.aldi.com.au/fileadmin/_processed_/0/8/csm_ALN3612_1x1_SSV-OCT-B2_228x128_30_bc76a15943.jpg,ea,$2.39,12c per capsule
Hedanol Paracetamol Capsule Shaped Tablets 20pk ,https://www.aldi.com.au/fileadmin/_processed_/a/5/csm_ALN2364-7_HEALTH_1x1_228x128_9_c613cd50e7.jpg,20pk,7549,4c per tablet
Essential Health Effervescents 15pk ,https://www.aldi.com.au/fileadmin/_processed_/c/3/csm_ALN2364-7_HEALTH_1x1_228x128_10_586cc47052.jpg,ea,c49,30c per tablet
Essential Health Electrolytes 20pk ,https://www.aldi.com.au/fileadmin/_processed_/9/3/csm_ALN2853_HEALTH_1x1_228x128__9c3f4c0792.jpg,ea,$4.99,27c per tablet
Essential Health First Aid Strips Plastic 100pk or Fabric 50pk ,https://www.aldi.com.au/fileadmin/_processed_/d/b/csm_ALN3498_AUG_SSV_DIGITAL_1x1_228x128_33_651ac07fad.jpg,ea,$5.99,2c-4c per strip
Essential Health Meal Replacement Shake 55g ,https://www.aldi.com.au/fileadmin/_processed_/0/e/csm_ALN2364-7_HEALTH_1x1_228x128_12_2e957e4443.jpg,51g-57g,$1.49,$3.62 per 100g
Essential Health Protein Bar 30g ,https://www.aldi.com.au/fileadmin/_processed_/0/3/csm_ALN2364-7_HEALTH_1x1_228x128_13_8e8f2dd529.jpg,ea,$1.99,$4.97 per 100g
Market Fare Corn Kernels 1kg ,https://www.aldi.com.au/fileadmin/_processed_/a/2/csm_ALN2853_AWARDS_FROZEN_FOOD_1x1_228x128_2_b2bba5422e.jpg,850g,$1.99,$2.49 per kg
Forresters Sensations Savoury Mixed Nuts 150g ,https://www.aldi.com.au/fileadmin/_processed_/c/8/csm_ALN3635_LTO_W44_1x1_228x128_2_3b35ab5234.jpg,ea,$2.99,$19.93 per kg
Forresters Pistachio Kernels 80g ,https://www.aldi.com.au/fileadmin/_processed_/e/8/csm_ALN3635_LTO_W44_1x1_228x128_3_f9d6602675.jpg,80g,$3.49,$43.63 per kg
Forresters Honey Roasted Macadamias 400g ,https://www.aldi.com.au/fileadmin/_processed_/8/0/csm_ALN3635_LTO_W44_1x1_228x128_4_edd2037491.jpg,400g,$13.99,$34.98 per kg
French Fries 175g ,https://www.aldi.com.au/fileadmin/_processed_/7/3/csm_ALN3635_LTO_W44_1x1_228x128_5_046f52b1e9.jpg,175g,$2.49,$1.42 per 100g
Parker's Pretzel Minis 6pk/150g  ,https://www.aldi.com.au/fileadmin/_processed_/b/b/csm_ALN3635_LTO_W44_1x1_228x128_6_d2d51422e4.jpg,6pk,$2.49,$1.66 per 100g
Harvest Snaps 200g ,https://www.aldi.com.au/fileadmin/_processed_/8/8/csm_ALN3635_LTO_W44_1x1_228x128_7_bbc0db69a0.jpg,200g,$4.99,$2.50 per 100g
Jumpy's Chicken Snacks 6pk/108g ,https://www.aldi.com.au/fileadmin/_processed_/7/4/csm_ALN3635_LTO_W44_1x1_228x128_8_7b53e15a0f.jpg,6pk,$2.99,$2.77 per 100g
Delicious Destinations Novelty Shaped Bath Bombs 150g ,https://www.aldi.com.au/fileadmin/_processed_/4/5/csm_ALN3635_LTO_W44_1x1_228x128_9_027e9afd29.jpg,ea,$3.99,$2.66 per 100g
Olay Complete Sensitive Lotion SPF15 150ml ,https://www.aldi.com.au/fileadmin/_processed_/f/d/csm_ALN3635_LTO_W44_1x1_228x128_10_26a5918f6e.jpg,150ml,$9.99,$6.66 per 100ml
Nivea Biodegradeable Cleansing Wipes 25pk ,https://www.aldi.com.au/fileadmin/_processed_/1/9/csm_ALN3635_LTO_W44_1x1_228x128_11_1e66c2b984.jpg,25pk,$4.99,20c per wipe
Nivea Soft All Purpose Cream 300ml ,https://www.aldi.com.au/fileadmin/_processed_/a/6/csm_ALN3635_LTO_W44_1x1_228x128_12_282df83bd6.jpg,300ml,$7.99,$2.66 per 100ml
Head and Shoulders Anti Dandruff Shampoo 250ml ,https://www.aldi.com.au/fileadmin/_processed_/d/7/csm_ALN3635_LTO_W44_1x1_228x128_13_a141376561.jpg,ea,$5.99,$2.40 per 100ml
Schwarzkopf Pastels Live Semi-Permanent Hair Colour 30ml ,https://www.aldi.com.au/fileadmin/_processed_/b/5/csm_ALN3635_LTO_W44_1x1_228x128_14_b847158ff3.jpg,30ml,$4.79,$15.97 per 100ml
Garnier Micellar Cleansing Water 200ml ,https://www.aldi.com.au/fileadmin/_processed_/7/c/csm_ALN3635_LTO_W44_1x1_228x128_15_59a10e956a.jpg,200ml,$4.99,$2.50 per 100ml
Garnier BB Cream 50ml ,https://www.aldi.com.au/fileadmin/_processed_/3/d/csm_ALN3635_LTO_W44_1x1_228x128_16_320d4ad096.jpg,50ml,$9.99,$19.98 per 100ml
Gillette Venus Simply 3 Blade Disposable Razors 3pk ,https://www.aldi.com.au/fileadmin/_processed_/3/b/csm_ALN3635_LTO_W44_1x1_228x128_17_3b6cec1eb1.jpg,3pk,$3.99,$1.33 per razor
Colway Marinades 375g ,https://www.aldi.com.au/fileadmin/_processed_/f/5/csm_ALN3635_LTO_W42_1x1_228x128__feed1881b5.jpg,375g,$1.99,53c per 100g
Oh So Natural Cashew Spread 240g ,https://www.aldi.com.au/fileadmin/_processed_/0/0/csm_ALN3478_NEW__B4__1x1_228x128__2cc1a1cfb2.jpg,ea,$4.99,$2.08 per 100g
Just Organic Coconut Flakes 140g/200g ,https://www.aldi.com.au/fileadmin/_processed_/1/6/csm_ALN3401-21_REDUCTIONS_FUTURE-PRICE-_RND21__1x1_228x128_1_7867d50243.jpg,ea,$3.39,$24.22 - $16.95 per kg
Market Fare Garden Peas 1kg ,https://www.aldi.com.au/fileadmin/_processed_/4/a/csm_ALN2853_AWARDS_FROZEN_FOOD_1x1_228x128_3_591795a34d.jpg,ea,$2.99,$1.99 per kg
Market Fare Baby Peas 1kg ,https://www.aldi.com.au/fileadmin/_processed_/1/5/csm_ALN3354_Q2-WEB-AUDIT_1x1_228x128_21_ac3d848ecf.jpg,475ml,$2.79,$2.99 per kg
Masterfoods Relish or Chutney 250g ,https://www.aldi.com.au/fileadmin/_processed_/e/1/csm_ALN3635_LTO_W42_1x1_228x128_2_18e1cde5bb.jpg,250g,$2.99,$1.20 per 100g
Mcilhenny Co Tabasco Sauce 60ml ,https://www.aldi.com.au/fileadmin/_processed_/1/9/csm_ALN3635_LTO_W42_1x1_228x128_3_f1c69b4c44.jpg,60ml,$3.99,$6.65 per 100ml
Masterfoods Mild American Mustard 250g ,https://www.aldi.com.au/fileadmin/_processed_/f/2/csm_ALN3635_LTO_W42_1x1_228x128_4_c13f394814.jpg,250g,$2.99,$1.20 per 100g
Masterfoods Hot Chilli Sauce 250ml ,https://www.aldi.com.au/fileadmin/_processed_/0/3/csm_ALN3635_LTO_W42_1x1_228x128_5_f71abe5378.jpg,250ml,$2.29,92c per 100ml
Colway Worcestershire Sauce 250ml ,https://www.aldi.com.au/fileadmin/_processed_/6/f/csm_ALN3635_LTO_W42_1x1_228x128_6_1b44922a72.jpg,250ml,$1.99,80c per 100ml
Praise Flavoured Mayonnaise 250ml ,https://www.aldi.com.au/fileadmin/_processed_/9/6/csm_ALN3635_LTO_W42_1x1_228x128_7_667989fd62.jpg,250ml,$2.99,$1.20 per 100ml
World Kitchen Chicken Thigh with Chat Potatoes Meal 350g ,https://www.aldi.com.au/fileadmin/_processed_/b/5/csm_ALN3635_LTO_W42_1x1_228x128_8_883812dc34.jpg,350g,$7.99,$2.28 per 100g
World Kitchen Tomato Vodka Pasta Sauce 250g ,https://www.aldi.com.au/fileadmin/_processed_/c/5/csm_ALN3635_LTO_W42_1x1_228x128_9_e9adfe0c77.jpg,250g,$3.49,$1.40 per 100g
World Kitchen Roast Duck Ravioli 350g ,https://www.aldi.com.au/fileadmin/_processed_/0/1/csm_ALN3635_LTO_W42_1x1_228x128_10_54bfa34495.jpg,350g,$4.99,$1.43 per 100g
World Kitchen Beef Tortellini Mexican Style 625g ,https://www.aldi.com.au/fileadmin/_processed_/d/2/csm_ALN3635_LTO_W42_1x1_228x128_11_01f69db76f.jpg,625g,$3.69,59c per 100g
Pikt & Chopt Herb Pouches 75g ,https://www.aldi.com.au/fileadmin/_processed_/9/f/csm_ALN3635_LTO_W42_1x1_228x128_12_d2125b5e2b.jpg,75g,$2.99,40c per 10g
Westcliff Lime Cordial 1L ,https://www.aldi.com.au/fileadmin/_processed_/b/b/csm_ALN3478_NEW__B4__1x1_228x128_2_0272aa9b77.jpg,6pk,$1.99,$1.99 per litre
Power Force Anti Bac Plus Disinfectant Surface Spray 750ml ,https://www.aldi.com.au/fileadmin/_processed_/2/4/csm_ALN3401-21_REDUCTIONS_FUTURE-PRICE-_RND21__1x1_228x128_2_1510cff7bb.jpg,per kg,$3.69,49c per 100ml
Killarnee Lamb Shanks per kg ,https://www.aldi.com.au/fileadmin/_processed_/b/4/csm_ALN3401-20_REDUCTIONS_FUTURE-PRICE-_RND20__1x1_228x128_013f586bc5.jpg,690g,$11.99,$11.99 per kg
Just Organic Passata 690g ,https://www.aldi.com.au/fileadmin/_processed_/3/8/csm_ALN3401-19_REDUCTIONS_FUTURE-PRICE-_RND19__1x1_228x128__7fddd013e5.jpg,1kg,$1.99,29c per 100g
Willowton Free Range Chicken Tenderloins 1kg ,https://www.aldi.com.au/fileadmin/_processed_/7/f/csm_ALN3401-19_REDUCTIONS_FUTURE-PRICE-_RND19__1x1_228x128_2_e9b1ca5d4f.jpg,ea,$16.49,$16.49 per kg
Power Force Active Gel Discs Toilet Gel Discs 75ml ,https://www.aldi.com.au/fileadmin/_processed_/3/1/csm_ALN3401-18_REDUCTIONS_FUTURE-PRICE-_RND18__1x1_228x128__ba0292357f.jpg,1kg,$4.79,$6.39 per 100ml
Ocean Royale Atlantic Salmon Portions 1kg ,https://www.aldi.com.au/fileadmin/_processed_/2/a/csm_ALN3401-18_REDUCTIONS_FUTURE-PRICE-_RND18__1x1_228x128_2_7462dd41af.jpg,500g,$22.99,$22.99 per kg
Ocean Royale Raw Prawn Cutlets 500g ,https://www.aldi.com.au/fileadmin/_processed_/9/7/csm_ALN3401-18_REDUCTIONS_FUTURE-PRICE-_RND18__1x1_228x128_3_286fc2bf76.jpg,1L,$12.99,$25.98 per kg
Farmdale Lactose Free Milk 1L ,https://www.aldi.com.au/fileadmin/_processed_/1/a/csm_ALN3401-18_REDUCTIONS_FUTURE-PRICE-_RND18__1x1_228x128_4_8848e3e645.jpg,397g,$1.49,$1.49 per Litre
Farmdale Condensed Milk 397g ,https://www.aldi.com.au/fileadmin/_processed_/6/4/csm_ALN3401-18_REDUCTIONS_FUTURE-PRICE-_RND18__1x1_228x128_5_4cc2b1af7f.jpg,4pk,$1.39,35c per 100g
The Cake Stall Muffins 480g/4pk ,https://www.aldi.com.au/fileadmin/_processed_/6/e/csm_ALN3401-17_REDUCTIONS_FUTURE-PRICE-_RND17__1x1_228x128__e855728952.jpg,4pk,$2.89,60c per 100g
The Cake Stall Muffins 480g/4pk ,https://www.aldi.com.au/fileadmin/_processed_/2/e/csm_ALN3401-17_REDUCTIONS_FUTURE-PRICE-_RND17__1x1_228x128_2_2d2c0b35b4.jpg,1kg,$2.89,60c per 100g
Willowton Free Range Chicken Breast Fillets 1kg ,https://www.aldi.com.au/fileadmin/_processed_/c/3/csm_ALN3401-17_REDUCTIONS_FUTURE-PRICE-_RND17__1x1_228x128_3_2e67c2639a.jpg,ea,$11.49,$11.49 per kg
"Ready, Set…Cook! Boneless Butterflied Chicken 1kg ",https://www.aldi.com.au/fileadmin/_processed_/6/4/csm_ALN3401-17_REDUCTIONS_FUTURE-PRICE-_RND17__1x1_228x128_4_2d50c3a8b2.jpg,ea,$9.49,$9.49 per kg
Emporium Selection Dutch Cheese 230g/265g ,https://www.aldi.com.au/fileadmin/_processed_/f/0/csm_ALN3401-16_REDUCTIONS_FUTURE-PRICE-_RND16__1x1_228x128__93121141c1.jpg,ea,$2.99,$13.00/$11.28  per kg
Emporium Selection Dutch Cheese 200g/260g ,https://www.aldi.com.au/fileadmin/_processed_/8/a/csm_ALN3401-16_REDUCTIONS_FUTURE-PRICE-_RND16__1x1_228x128_2_e4d5f41776.jpg,per kg,$2.99,$14.95/$11.50 per kg
Ocean Royale Barramundi Portions 1kg ,https://www.aldi.com.au/fileadmin/_processed_/9/2/csm_ALN3401-15_REDUCTIONS_FUTURE-PRICE-_RND15__1x1_228x128__0f23490e2c.jpg,210g,$17.99,$17.99 per kg
Ocean Rise Premium Red Salmon 210g ,https://www.aldi.com.au/fileadmin/_processed_/c/3/csm_ALN3401-15_REDUCTIONS_FUTURE-PRICE-_RND15__1x1_228x128_2_29b7a71ba5.jpg,10kg,$4.99,$23.76 per kg
SAN-I-PET Cat Litter Clumping 10kg ,https://www.aldi.com.au/fileadmin/_processed_/e/a/csm_ALN3401-15_REDUCTIONS_FUTURE-PRICE-_RND15__1x1_228x128_4_8bf9c807b3.jpg,1L,$5.59,56c per kg
Farmdale Lactose Free Milk 1L ,https://www.aldi.com.au/fileadmin/_processed_/4/1/csm_ALN3401-15_REDUCTIONS_FUTURE-PRICE-_RND15__1x1_228x128_7_48bed16dbb.jpg,250g,$1.49,$1.49 per Litre
Westacre Spreadable Cream Cheese 250g ,https://www.aldi.com.au/fileadmin/_processed_/1/5/csm_ALN3401-15_REDUCTIONS_FUTURE-PRICE-_RND15__1x1_228x128_8_c1e56beff5.jpg,125g,$2.39,$9.56 per kg
Emporium Selection Brie Cheese 125g ,https://www.aldi.com.au/fileadmin/_processed_/6/f/csm_ALN3401-15_REDUCTIONS_FUTURE-PRICE-_RND15__1x1_228x128_9_733ed5336b.jpg,400g,$2.69,$21.52 per kg
Remano Italian Diced Tomatoes 400g ,https://www.aldi.com.au/fileadmin/_processed_/0/d/csm_ALN3401-15_REDUCTIONS_FUTURE-PRICE-_RND15__1x1_228x128_10_62654eb9a9.jpg,5pk,9989,$2.48 per kg
Power Force Multi Purpose Sponge Scourer 5pk ,https://www.aldi.com.au/fileadmin/_processed_/a/5/csm_ALN3401-15_REDUCTIONS_FUTURE-PRICE-_RND15__1x1_228x128_11_9cd91226f5.jpg,600ml,c99,38c per unit
Farmdale Butter Milk 600ml ,https://www.aldi.com.au/fileadmin/_processed_/9/f/csm_ALN3401-15_REDUCTIONS_FUTURE-PRICE-_RND15__1x1_228x128_12_055e9444ef.jpg,190g,$1.79,$3.31 per Litre
Remano Pesto Basil 190g ,https://www.aldi.com.au/fileadmin/_processed_/c/f/csm_ALN3401-15_REDUCTIONS_FUTURE-PRICE-_RND15__1x1_228x128_13_c6cc984fc9.jpg,190g,$1.79,94c per 100g
Remano Pesto Sundried Tomato 190g ,https://www.aldi.com.au/fileadmin/_processed_/f/2/csm_ALN3401-15_REDUCTIONS_FUTURE-PRICE-_RND15__1x1_228x128_14_307f93d12b.jpg,750ml,$1.59,94c per 100g
Power Force Pro Glass Cleaner 750ml ,https://www.aldi.com.au/fileadmin/_processed_/b/6/csm_ALN3401-15_REDUCTIONS_FUTURE-PRICE-_RND15__1x1_228x128_15_7e8091af83.jpg,500g,$1.59,21c per 100ml
White Mill Bread Crumbs 500g ,https://www.aldi.com.au/fileadmin/_processed_/8/4/csm_ALN3401-15_REDUCTIONS_FUTURE-PRICE-_RND15__1x1_228x128_16_f8507e8cd8.jpg,140g,$1.39,32c per 100g
Just Organic Tomato Paste 140g ,https://www.aldi.com.au/fileadmin/_processed_/f/f/csm_ALN3401-15_REDUCTIONS_FUTURE-PRICE-_RND15__1x1_228x128_17_a013c13156.jpg,ea,$1.69,68c per 100g
Essential Health Paw Paw Ointment 25g ,https://www.aldi.com.au/fileadmin/_processed_/e/d/csm_ALN3401-14_REDUCTIONS_FUTURE-PRICE-_RND14-W40__1x1_228x128__efe1136761.jpg,6pk,9519,$9.56 per 100g
Julius Dog Treats 2pk or 4pk ,https://www.aldi.com.au/fileadmin/_processed_/1/d/csm_ALN3401-14_REDUCTIONS_FUTURE-PRICE-_RND14-W40__1x1_228x128_2_bd1bf904bf.jpg,6pk,c59,$1.85 - 92c each
Just Organic Apple Cider Vinegar 500ml ,https://www.aldi.com.au/fileadmin/_processed_/6/b/csm_ALN3401-14_REDUCTIONS_FUTURE-PRICE-_RND14-W40__1x1_228x128_3_76922bca87.jpg,ea,$2.89,64c per 100ml
Hillcrest Nut Bars 6 Pack/225g ,https://www.aldi.com.au/fileadmin/_processed_/5/a/csm_ALN3401-14_REDUCTIONS_FUTURE-PRICE-_RND14-W40__1x1_228x128_14_3541408b07.jpg,6pk,$3.79,$1.15 per 100g
Piatti Fresh 9 Slice Garlic Bread 270g ,https://www.aldi.com.au/fileadmin/_processed_/2/3/csm_ALN3401-14_REDUCTIONS_FUTURE-PRICE-_RND14-W40__1x1_228x128_6_67fed68e86.jpg,120pk,$3.79,$1.07 per 100g
Emporium Selection Smooth Ricotta 375g ,https://www.aldi.com.au/fileadmin/_processed_/a/6/csm_ALN3401-14_REDUCTIONS_FUTURE-PRICE-_RND14-W40__1x1_228x128_7_f9eeb01680.jpg,6pk,$2.39,$7.44 per kg
Di San Laundry Sanitiser 1L ,https://www.aldi.com.au/fileadmin/_processed_/3/6/csm_ALN3401-14_REDUCTIONS_FUTURE-PRICE-_RND14-W40__1x1_228x128_8_0fa052a6d2.jpg,12pk,$2.29,$3.79 per Litre
Has No Gluten Free Coconut Macaroon 160g ,https://www.aldi.com.au/fileadmin/_processed_/e/7/csm_ALN3401-14_REDUCTIONS_FUTURE-PRICE-_RND14-W40__1x1_228x128_10_aff13f483f.jpg,2pk,$2.59,$1.49 per 100g
Hillcrest Fruity Filled Bars 6 Pack/225g ,https://www.aldi.com.au/fileadmin/_processed_/0/3/csm_ALN3401-14_REDUCTIONS_FUTURE-PRICE-_RND14-W40__1x1_228x128_4_dc7f345163.jpg,1kg,$3.49,$1.02 per 100g
Seasons Pride Potato Jewels 1kg ,https://www.aldi.com.au/fileadmin/_processed_/c/8/csm_ALN3401-14_REDUCTIONS_FUTURE-PRICE-_RND14-W40__1x1_228x128_11_2d7f64483d.jpg,ea,$2.49,$2.59 per kg
Anco Soft Frabric Softener 1L ,https://www.aldi.com.au/fileadmin/_processed_/2/5/csm_ALN3401-14_REDUCTIONS_FUTURE-PRICE-_RND14-W40__1x1_228x128_12_9e98766300.jpg,ea,$2.39,$3.49 per Litre
Market Fare Corn Kernels 1kg ,https://www.aldi.com.au/fileadmin/_processed_/b/e/csm_ALN3401-14_REDUCTIONS_FUTURE-PRICE-_RND14-W40__1x1_228x128_13_7cfc3f07bd.jpg,ea,$2.69,$2.49 per kg
Farmwood Tempura Chicken Nuggets 400g ,https://www.aldi.com.au/fileadmin/_processed_/2/7/csm_ALN3401-13_REDUCTIONS_FUTURE-PRICE-_RND13-W39__1x1_228x128__1853cdcbdb.jpg,400g,$3.59,$8.48 per kg
Mamia Fruit & Oat Bars 90g ,https://www.aldi.com.au/fileadmin/_processed_/7/b/csm_ALN3401-13_REDUCTIONS_FUTURE-PRICE-_RND13-W39__1x1_228x128_2_c5784f0ccb.jpg,3pk,$2.69,$2.99 per 100g
Colway Squeezy Mayonnaise 475g/535g ,https://www.aldi.com.au/fileadmin/_processed_/1/e/csm_ALN3401-12_REDUCTIONS_FUTURE-PRICE-_RND12-W38__1x1_228x128__8ee501f45b.jpg,per kg,$3.99,55c/48c per 100g
Dairy Dream Greek Style Yogurt 750g/6pk ,https://www.aldi.com.au/fileadmin/_processed_/7/e/csm_ALN3401-12_REDUCTIONS_FUTURE-PRICE-_RND12-W38__1x1_228x128_2_892d2a0d23.jpg,per kg,$2.99,63c per 100g
Power Force Pro Disinfectant Wipes 120pk ,https://www.aldi.com.au/fileadmin/_processed_/7/d/csm_ALN3401-12_REDUCTIONS_FUTURE-PRICE-_RND12-W38__1x1_228x128_3_6250e7fc52.jpg,500g,$2.49,$2.49 per 100 wipes
Hillcrest Fruit Rolls 6pk/94g ,https://www.aldi.com.au/fileadmin/_processed_/8/9/csm_ALN3401-12_REDUCTIONS_FUTURE-PRICE-_RND12-W38__1x1_228x128_4_d8acff9dee.jpg,500g,$4.69,$3.18 per 100g
Silvesters Cat Food 12x85g ,https://www.aldi.com.au/fileadmin/_processed_/1/9/csm_ALN3401-12_REDUCTIONS_FUTURE-PRICE-_RND12-W38__1x1_228x128_5_9debf450e7.jpg,750g,$2.69,44c per 100g
Bakers Life Lower Carb High Protein Burger Buns 140g/2pk ,https://www.aldi.com.au/fileadmin/_processed_/7/0/csm_ALN3401-11_REDUCTIONS_FUTURE-PRICE-_RND10__1x1_228x128__8996285e2f.jpg,4pk,$2.99,$1.92 per 100g
Sunnyvale Table Spread 1kg ,https://www.aldi.com.au/fileadmin/_processed_/6/9/csm_ALN3401-9_REDUCTIONS_FUTURE-PRICE-_RND9__1x1_228x128_6_6c20f23198.jpg,80pk,$4.99,17c per 100g
Protane Shampoo 400ml ,https://www.aldi.com.au/fileadmin/_processed_/5/7/csm_ALN3401-9_REDUCTIONS_FUTURE-PRICE-_RND9__1x1_228x128_2_0c03d3f89a.jpg,140g,$2.89,75c per 100ml
Protane Conditioner 400ml ,https://www.aldi.com.au/fileadmin/_processed_/e/4/csm_ALN3401-9_REDUCTIONS_FUTURE-PRICE-_RND9__1x1_228x128_3_6d6e5ef5a5.jpg,500g,$1.99,75c per 100ml
Tricare Foam Soap 250ml ,https://www.aldi.com.au/fileadmin/_processed_/0/d/csm_ALN3401-9_REDUCTIONS_FUTURE-PRICE-_RND9__1x1_228x128_4_8417f66a74.jpg,500g,$2.99,76c per 100ml
Bakers Life Turkish Bread 400g ,https://www.aldi.com.au/fileadmin/_processed_/c/8/csm_ALN3401-10_REDUCTIONS_FUTURE-PRICE-_RND9-ADDITIONS__1x1_228x128__3593e3e0ea.jpg,1L,$2.99,50c per 100g
Bakers Life Turkish Rolls 3pk/450g ,https://www.aldi.com.au/fileadmin/_processed_/1/c/csm_ALN3401-10_REDUCTIONS_FUTURE-PRICE-_RND9-ADDITIONS__1x1_228x128_2_e4203af392.jpg,4L,$1.99,66c each
Jindurra Station Beef Rump Steak per kg ,https://www.aldi.com.au/fileadmin/_processed_/6/a/csm_ALN3401-9_REDUCTIONS_FUTURE-PRICE-_RND9__1x1_228x128_5_528982334f.jpg,384ml,$1.49,$14.99 per kg
Jindurra Station 3 Star Beef Mince per kg ,https://www.aldi.com.au/fileadmin/_processed_/9/d/csm_ALN3401-7_REDUCTIONS_FUTURE-PRICE-_RND8__1x1_228x128_3_d85305c2d1.jpg,2L,$1.49,$9.99 per kg
Ironbark Pork Mince 500g ,https://www.aldi.com.au/fileadmin/_processed_/b/3/csm_ALN3401-7_REDUCTIONS_FUTURE-PRICE-_RND8__1x1_228x128__66170fb513.jpg,1.2kg,$14.99,$8.98 per kg
Jindurra Station 2 Star Beef Mince 500g ,https://www.aldi.com.au/fileadmin/_processed_/8/2/csm_ALN3401-7_REDUCTIONS_FUTURE-PRICE-_RND8__1x1_228x128_2_b528f01381.jpg,375g,$9.49,$10.98 per kg
Forresters Cashews - Roasted and Salted 750g ,https://www.aldi.com.au/fileadmin/_processed_/7/b/csm_ALN3401-7_REDUCTIONS_FUTURE-PRICE-_RND8__1x1_228x128_4_8446ee25c9.jpg,2L,$4.69,$17.32 per kg
Bakers Life Bagels 396g/4pk ,https://www.aldi.com.au/fileadmin/_processed_/e/2/csm_ALN3401-7_REDUCTIONS_FUTURE-PRICE-_RND8__1x1_228x128_5_dd902e7c37.jpg,100ml,$5.49,63c per 100g
Mamia Baby Wipes Embossed Fragrance Free 80pk   ,https://www.aldi.com.au/fileadmin/_processed_/b/b/csm_ALN3388_REDUCTIONS_1x1_228x128_B2_29_c4525691e4.jpg,750g,$12.99,$3.36 per 100 wipes
Yoguri High Protein Greek Style Yogurt 140g ,https://www.aldi.com.au/fileadmin/_processed_/e/0/csm_ALN3447-3_REDUCTIONS_JULY_1x1_228x128__8eea685185.jpg,500g,$2.49,$1.06 per 100g
Sweet Valley Fruit Snacks in Juice 500g ,https://www.aldi.com.au/fileadmin/_processed_/1/e/csm_ALN3447-3_REDUCTIONS_JULY_1x1_228x128_4_978b23b62f.jpg,400g,$2.49,$3.98 per kg
White Mill Brownie Mix 500g ,https://www.aldi.com.au/fileadmin/_processed_/b/6/csm_ALN3447-3_REDUCTIONS_JULY_1x1_228x128_5_37142f80bd.jpg,12pk,$1.59,50c per 100g
Remano Oil Olive 1L ,https://www.aldi.com.au/fileadmin/_processed_/e/d/csm_ALN3447-3_REDUCTIONS_JULY_1x1_228x128_6_15d22dafbc.jpg,ea,$1.79,55c per 100ml
Solesta Orange Drink 4L ,https://www.aldi.com.au/fileadmin/_processed_/c/4/csm_ALN3447-3_REDUCTIONS_JULY_1x1_228x128_8_5d889bad77.jpg,530g,$2.79,90c per litre
Farmdale Evaporated Milk 384ml ,https://www.aldi.com.au/fileadmin/_processed_/d/9/csm_ALN3447-3_REDUCTIONS_JULY_1x1_228x128_9_c3261d0a26.jpg,375g,$5.49,$4.66 per litre
Solesta Orange & Mango Drink 2L ,https://www.aldi.com.au/fileadmin/_processed_/3/7/csm_ALN3447-3_REDUCTIONS_JULY_1x1_228x128_10_9c742f7e48.jpg,1kg,$3.99,90c per litre
World Kitchen Lasagne 1.2kg ,https://www.aldi.com.au/fileadmin/_processed_/c/5/csm_ALN3447-3_REDUCTIONS_JULY_1x1_228x128_11_ebd4b4a4ac.jpg,62g,$1.79,54c per 100g
Bramwells Mixed Blossom Honey 375g ,https://www.aldi.com.au/fileadmin/_processed_/0/4/csm_ALN3447-3_REDUCTIONS_JULY_1x1_228x128_12_d990af0ea7.jpg,ea,$1.19,$1.06 per 100g
Solesta Orange & Passionfruit Fruit Drink 2L ,https://www.aldi.com.au/fileadmin/_processed_/c/4/csm_ALN3447-3_REDUCTIONS_JULY_1x1_228x128_13_a238425d77.jpg,100g,$6.99,90c per litre
Ombra Sunscreen SPF50+ 100ml ,https://www.aldi.com.au/fileadmin/_processed_/a/9/csm_ALN3447-3_REDUCTIONS_JULY_1x1_228x128_14_9f52c56c33.jpg,$11.98 per kg,$3.99,$2.19 per 100ml
Forresters Raw Cashews 750g ,https://www.aldi.com.au/fileadmin/_processed_/3/c/csm_ALN3447-3_REDUCTIONS_JULY_1x1_228x128_15_5f72c695e2.jpg,1kg,$1.99,$15.99 per kg
Forresters Raw Walnuts 500g ,https://www.aldi.com.au/fileadmin/_processed_/d/d/csm_ALN3447-3_REDUCTIONS_JULY_1x1_228x128_16_90d8471993.jpg,ea,$2.29,$15.98 per kg
Forresters Almond Meal 400g ,https://www.aldi.com.au/fileadmin/_processed_/7/b/csm_ALN3447-3_REDUCTIONS_JULY_1x1_228x128_17_e8e8af85e4.jpg,370g,$11.99,$14.98 per kg
Uncle Toby's Oats Sachets 12pk/420g ,https://www.aldi.com.au/fileadmin/_processed_/8/7/csm_ALN3401-6_REDUCTIONS_FUTURE-PRICE-_RND7__1x1_228x128_1_5258409c40.jpg,370g,$7.99,$1.26 per 100g
Hillcrest Protein Bars 5pk/200g ,https://www.aldi.com.au/fileadmin/_processed_/9/5/csm_ALN3401-5_REDUCTIONS_FUTURE-PRICE-_RND6__1x1_228x128_65ef05b941.jpg,500g,$5.99,$1.50 per 100g
Mamia Nappy Pants Walker 26pk ,https://www.aldi.com.au/fileadmin/_processed_/a/4/csm_ALN3401-4_REDUCTIONS_FUTURE-PRICE-_RND5__1x1_228x128_3_4388d3313e.jpg,500g,$5.69,35c per nappy
Mamia Nappy Pants Junior 24pk ,https://www.aldi.com.au/fileadmin/_processed_/a/c/csm_ALN3401-4_REDUCTIONS_FUTURE-PRICE-_RND5__1x1_228x128_4_74f39e4fa1.jpg,500g,$2.69,37c per nappy
Goldenvale Just Bran 530g ,https://www.aldi.com.au/fileadmin/_processed_/d/d/csm_ALN3401-2_REDUCTIONS_FUTURE-PRICE-_RND4__1x1_228x128__5f972760fb.jpg,14pk/12pk/10pk,$8.99,51c per 100g
Forresters Mixed Nuts 375g ,https://www.aldi.com.au/fileadmin/_processed_/c/1/csm_ALN3401-2_REDUCTIONS_FUTURE-PRICE-_RND4__1x1_228x128_2_10d7388067.jpg,600g,$8.89,$7.17 per kg
Berg Short Cut Bacon Rindless 1kg ,https://www.aldi.com.au/fileadmin/_processed_/3/0/csm_ALN3401-2_REDUCTIONS_FUTURE-PRICE-_RND4__1x1_228x128_3_4c38ff2a77.jpg,12pk/360g,$2.69,$8.99 per kg
Food Envy Chocolate Mousse Plain or with Salted Caramel 2 x 62g ,https://www.aldi.com.au/fileadmin/_processed_/e/4/csm_ALN3401-2_REDUCTIONS_FUTURE-PRICE-_RND4__1x1_228x128_7_6340aecc09.jpg,100g,$2.29,$1.52 per 100g
Ocean Rise Yellowfin Tuna Chunks 425g ,https://www.aldi.com.au/fileadmin/_processed_/e/3/csm_ALN3447-7_REDUCTIONS_JULY_1x1__B2__228x128_4_a40e353de8.jpg,8kg,$8.99,$8.68 per kg
Oh So Natural Pine Nuts 100g ,https://www.aldi.com.au/fileadmin/_processed_/b/5/csm_ALN3401-2_REDUCTIONS_FUTURE-PRICE-_RND4__1x1_228x128_10_1d5b9f732e.jpg,50ml,$1.99,$42.90 per kg
Forresters Cowboy Mix 500g ,https://www.aldi.com.au/fileadmin/_processed_/1/e/csm_ALN3401-2_REDUCTIONS_FUTURE-PRICE-_RND4__1x1_228x128_11_687adb84b3.jpg,1kg,$3.19,500g
Berg Middle Bacon 1kg ,https://www.aldi.com.au/fileadmin/_processed_/5/c/csm_ALN3401-2_REDUCTIONS_FUTURE-PRICE-_RND4__1x1_228x128_12_e6c325bce3.jpg,500g,$4.29,$8.99 per kg
Dairy Dream Yogurt Pouch 110g ,https://www.aldi.com.au/fileadmin/_processed_/4/6/csm_ALN3447-7_REDUCTIONS_JULY_1x1__B2__228x128_6_5844fb1a91.jpg,500g,$5.29,$1.08 per 100g
Grandessa Signature Jam Blueberry or Mixed Berry 370g ,https://www.aldi.com.au/fileadmin/_processed_/7/c/csm_ALN3388_REDUCTIONS_1x1_228x128_B2_4_f4ec2de94a.jpg,250g-500g,$8.99,62c per 100g
Grandessa Signature Jam Raspberry 370g ,https://www.aldi.com.au/fileadmin/_processed_/9/1/csm_ALN3388_REDUCTIONS_1x1_228x128_B2_5_10d045d603.jpg,50g,$1.79,62c per 100g
Westacre Cheese Block Tasty Light 500g ,https://www.aldi.com.au/fileadmin/_processed_/1/5/csm_ALN3388_REDUCTIONS_1x1_228x128_B2_6_271c31ef1e.jpg,110g,$2.99,$9.98 per kg
Westacre Cheese Block Tasty 500g ,https://www.aldi.com.au/fileadmin/_processed_/d/5/csm_ALN3388_REDUCTIONS_1x1_228x128_B2_7_2b21e1fef5.jpg,per kg,$2.99,95c per 100g
Westacre Cheese Block Extra Tasty 500g  ,https://www.aldi.com.au/fileadmin/_processed_/f/0/csm_ALN3388_REDUCTIONS_1x1_228x128_B2_8_80750a07a1.jpg,325g,$4.69,$9.98 per kg
Sana Incontinence Pads 14pk/12pk/10pk ,https://www.aldi.com.au/fileadmin/_processed_/3/3/csm_ALN3388_REDUCTIONS_1x1_228x128_B2_18_7de07f9f49.jpg,1kg,$4.99,21c/25c/30c per pad
Lodge Farms Free Range Eggs 600g ,https://www.aldi.com.au/fileadmin/_processed_/9/8/csm_ALN3388_REDUCTIONS_1x1_228x128_B2_19_R_2984f5f291.jpg,500g,$4.99,62c per 100g
Elmsbury Spinach & Ricotta Triangles 12pk/360g ,https://www.aldi.com.au/fileadmin/_processed_/e/6/csm_ALN3388_REDUCTIONS_1x1_228x128_B2_20_3a42a2442a.jpg,100-125g,$2.99,55c per 100g
Natural Elements Pet Nutrition Grain Free Dog Food 100g ,https://www.aldi.com.au/fileadmin/_processed_/4/c/csm_ALN3388_REDUCTIONS_1x1_228x128_B2_21_b02f11fbb7.jpg,2pk,$3.99,99c per 100g
Julius Dog Food 8kg ,https://www.aldi.com.au/fileadmin/_processed_/a/8/csm_ALN3388_REDUCTIONS_1x1_228x128_B2_22_9f1f1cc3ba.jpg,1kg,$1.29,13c per 100g
Lacura Essentials BB Cream 50ml ,https://www.aldi.com.au/fileadmin/_processed_/c/d/csm_ALN3388_REDUCTIONS_1x1_228x128_B4_28_c02370ee73.jpg,480g/520g,9999,$9.98 per 100ml
Ocean Royale Basa Fillets (Frozen) 1kg ,https://www.aldi.com.au/fileadmin/_processed_/9/e/csm_ALN3425_REDUCTIONS__BASA-FILLETS__1x1_228x128_f4470b9180.jpg,12pk/420g,c79,$6.99 per kg
The Cake Stall Banana Bread 5pk 500g ,https://www.aldi.com.au/fileadmin/_processed_/6/1/csm_ALN3388_REDUCTIONS_1x1_228x128_B2_26_8c37999c36.jpg,12pk/700g,$9.69,86c per 100g
Ocean Royale Wild Raw Peeled Prawns 500g ,https://www.aldi.com.au/fileadmin/_processed_/b/f/csm_ALN3388_REDUCTIONS_1x1_228x128_B4_1_95cc4cd535.jpg,per kg,$4.69,$33.98 per kg
Oh So Natural LSA or Linseed 250g-500g ,https://www.aldi.com.au/fileadmin/_processed_/0/0/csm_ALN3388_REDUCTIONS_1x1_228x128_B4_3_4ce11f74a9.jpg,per kg,$6.99,$1.12-$0.56 per 100g
Stonemill Black Peppercorn Grinder 50g ,https://www.aldi.com.au/fileadmin/_processed_/b/e/csm_ALN3388_REDUCTIONS_1x1_228x128_B4_15_268ad8e459.jpg,700g,$4.29,54c per 10g
Stonemill Sea Salt Iodised Grinder 110g ,https://www.aldi.com.au/fileadmin/_processed_/b/9/csm_ALN3388_REDUCTIONS_1x1_228x128_B4_16_677161300d.jpg,375g,$16.99,24c per 10g
"Ready, Set…Cook! Pork Loin Greek Style per kg ",https://www.aldi.com.au/fileadmin/_processed_/7/e/csm_ALN3388_REDUCTIONS_1x1_228x128_B4_17_9753d902be.jpg,5pk,$2.99,$15.99 per kg
Has No GF Pancake Buttermilk/Original 325g ,https://www.aldi.com.au/fileadmin/_processed_/e/9/csm_ALN3388_REDUCTIONS_1x1_228x128_B4_21_45673158dd.jpg,370g,$2.69,71c per 100g
Frozen Fish Crumbed/Battered 1kg ,https://www.aldi.com.au/fileadmin/_processed_/2/5/csm_ALN3388_REDUCTIONS_1x1_228x128_B4_22_627060393c.jpg,410g,$2.89,$6.99 per kg
Casa Barelli Gourmet Pasta 500g ,https://www.aldi.com.au/fileadmin/_processed_/b/d/csm_ALN3388_REDUCTIONS_1x1_228x128_B4_23_794a8a61ab.jpg,1L,$15.69,40c per 100g
Oh So Natural Superfood Powders ,https://www.aldi.com.au/fileadmin/_processed_/a/f/csm_ALN3388_REDUCTIONS_1X1_228x128_B3__5bd05da39d.jpg,125g,$2.49,$4.69-$3.75 per 100g
